firmable_company_id,account_name
f000003803254,123RF China
f000004232949,1840 & Company
f000000747296,1GLOBAL
f000001096757,AAMC Training Group
f000004035747,ABE
f000004912238,ABJ Cloud Solutions
f000005185297,ACCESSTRADE
f000001453313,ACES
f000001477125,ACSL
f000001359090,ADC
f000004178409,ADScholars
f000001477389,AE
f000001366258,AEM
f000004805981,AMAL
f000001675673,AML
f000001560507,AMR
f000001485567,AMX
f000001576978,ANY Company
f000001494163,AOS
f000001473523,API SA
f000004904054,APM Group
f000001521902,ASCO Power Technologies
f000001521982,ASK ME
f000001611403,ASN
f000004219272,ASRock Inc.
f000000626420,ATNIS
f000000044206,ATS Global
f000001676628,AU10TIX
f000000522220,iOmniscient
f000001552728,iSoftStone
f000000533957,iSphere Global
f000004681503,ibi
f000003765960,indaHash
f000000209519,kodakalaris
f000003316258,korber supply chain
f000001460899,market
f000001615245,mbs
f000000257072,menumiz (AU)
f000001534718,mesh
f000001282269,nfoldROI Group of Companies
f000003295374,opensignal
f000004121036,primeNumber Inc.
f000004126291,properti
f000002771020,realboss.ai
f000003295244,sterlingbackcheck
f000001668058,symplr
f000003294000,the henson group
f000004296209,vLex
f000000558359,AirHost
